<?xml version="1.0" encoding="utf-8"?>
<edmx:Edmx Version="1.0" xmlns:edmx="http://schemas.microsoft.com/ado/2007/06/edmx" xmlns:m="http://schemas.microsoft.com/ado/2007/08/dataservices/metadata" xmlns:sap="http://www.sap.com/Protocols/SAPData">
    <edmx:DataServices m:DataServiceVersion="2.0">
        <Schema Namespace="ZBP_CREATION_SRV_02" xml:lang="en" sap:schema-version="1" xmlns="http://schemas.microsoft.com/ado/2008/09/edm">
            <Annotation Term="Core.SchemaVersion" String="1.0.0" xmlns="http://docs.oasis-open.org/odata/ns/edm"/>
            <EntityType Name="ZBUSINESS_PARTNER" sap:content-version="1">
                <Key>
                    <PropertyRef Name="Customerno"/>
                </Key>
                <Property Name="Customerno" Type="Edm.String" Nullable="false" MaxLength="10" sap:unicode="false" sap:label="Customer" sap:creatable="false" sap:updatable="false" sap:sortable="false" sap:filterable="false"/>
                <Property Name="Custacctgroup" Type="Edm.String" Nullable="false" MaxLength="4" sap:unicode="false" sap:label="Account group" sap:creatable="false" sap:updatable="false" sap:sortable="false" sap:filterable="false"/>
                <Property Name="Pannumber" Type="Edm.String" Nullable="false" MaxLength="40" sap:unicode="false" sap:label="PAN" sap:creatable="false" sap:updatable="false" sap:sortable="false" sap:filterable="false"/>
                <Property Name="Title" Type="Edm.String" Nullable="false" MaxLength="4" sap:unicode="false" sap:label="Title" sap:creatable="false" sap:updatable="false" sap:sortable="false" sap:filterable="false"/>
                <Property Name="Name" Type="Edm.String" Nullable="false" MaxLength="40" sap:unicode="false" sap:label="Name" sap:creatable="false" sap:updatable="false" sap:sortable="false" sap:filterable="false"/>
                <Property Name="Street" Type="Edm.String" Nullable="false" MaxLength="60" sap:unicode="false" sap:label="Street" sap:creatable="false" sap:updatable="false" sap:sortable="false" sap:filterable="false"/>
                <Property Name="City" Type="Edm.String" Nullable="false" MaxLength="40" sap:unicode="false" sap:label="City" sap:creatable="false" sap:updatable="false" sap:sortable="false" sap:filterable="false"/>
                <Property Name="District" Type="Edm.String" Nullable="false" MaxLength="40" sap:unicode="false" sap:label="District" sap:creatable="false" sap:updatable="false" sap:sortable="false" sap:filterable="false"/>
                <Property Name="State" Type="Edm.String" Nullable="false" MaxLength="3" sap:unicode="false" sap:label="Region" sap:creatable="false" sap:updatable="false" sap:sortable="false" sap:filterable="false"/>
                <Property Name="Postalcode" Type="Edm.String" Nullable="false" MaxLength="10" sap:unicode="false" sap:label="Postal Code" sap:creatable="false" sap:updatable="false" sap:sortable="false" sap:filterable="false"/>
                <Property Name="Country" Type="Edm.String" Nullable="false" MaxLength="3" sap:unicode="false" sap:label="Country/Reg." sap:creatable="false" sap:updatable="false" sap:sortable="false" sap:filterable="false"/>
                <Property Name="Language" Type="Edm.String" Nullable="false" MaxLength="2" sap:unicode="false" sap:label="Language" sap:creatable="false" sap:updatable="false" sap:sortable="false" sap:filterable="false"/>
                <Property Name="Searchterm" Type="Edm.String" Nullable="false" MaxLength="20" sap:unicode="false" sap:label="Search Term 1" sap:creatable="false" sap:updatable="false" sap:sortable="false" sap:filterable="false"/>
                <Property Name="Companycode" Type="Edm.String" Nullable="false" MaxLength="4" sap:unicode="false" sap:label="Company Code" sap:creatable="false" sap:updatable="false" sap:sortable="false" sap:filterable="false"/>
                <Property Name="Reconcacc" Type="Edm.String" Nullable="false" MaxLength="10" sap:unicode="false" sap:label="Recon. account" sap:creatable="false" sap:updatable="false" sap:sortable="false" sap:filterable="false"/>
                <Property Name="Salesorg" Type="Edm.String" Nullable="false" MaxLength="4" sap:unicode="false" sap:label="Sales Org." sap:creatable="false" sap:updatable="false" sap:sortable="false" sap:filterable="false"/>
                <Property Name="Distchannel" Type="Edm.String" Nullable="false" MaxLength="2" sap:unicode="false" sap:label="Distr. Channel" sap:creatable="false" sap:updatable="false" sap:sortable="false" sap:filterable="false"/>
                <Property Name="Division" Type="Edm.String" Nullable="false" MaxLength="2" sap:unicode="false" sap:label="Division" sap:creatable="false" sap:updatable="false" sap:sortable="false" sap:filterable="false"/>
                <Property Name="Currency" Type="Edm.String" Nullable="false" MaxLength="5" sap:unicode="false" sap:label="Currency" sap:creatable="false" sap:updatable="false" sap:sortable="false" sap:filterable="false" sap:semantics="currency-code"/>
                <Property Name="Pricingproc" Type="Edm.String" Nullable="false" MaxLength="2" sap:unicode="false" sap:label="Cust.Pric.Proc." sap:creatable="false" sap:updatable="false" sap:sortable="false" sap:filterable="false"/>
                <Property Name="Shippingcon" Type="Edm.String" Nullable="false" MaxLength="2" sap:unicode="false" sap:label="Shp.Cond." sap:creatable="false" sap:updatable="false" sap:sortable="false" sap:filterable="false"/>
                <Property Name="Custgroup" Type="Edm.String" Nullable="false" MaxLength="2" sap:unicode="false" sap:label="Customer Group" sap:creatable="false" sap:updatable="false" sap:sortable="false" sap:filterable="false"/>
                <Property Name="Salesdist" Type="Edm.String" Nullable="false" MaxLength="6" sap:unicode="false" sap:label="Sales District" sap:creatable="false" sap:updatable="false" sap:sortable="false" sap:filterable="false"/>
                <Property Name="Salesoffice" Type="Edm.String" Nullable="false" MaxLength="4" sap:unicode="false" sap:label="Sales Office" sap:creatable="false" sap:updatable="false" sap:sortable="false" sap:filterable="false"/>
                <Property Name="Pricegroup" Type="Edm.String" Nullable="false" MaxLength="2" sap:unicode="false" sap:label="CustPrice Group" sap:creatable="false" sap:updatable="false" sap:sortable="false" sap:filterable="false"/>
                <Property Name="Incoterms" Type="Edm.String" Nullable="false" MaxLength="3" sap:unicode="false" sap:label="Incoterms" sap:creatable="false" sap:updatable="false" sap:sortable="false" sap:filterable="false"/>
                <Property Name="Incotermsloc" Type="Edm.String" Nullable="false" MaxLength="70" sap:unicode="false" sap:label="Inco. Location1" sap:creatable="false" sap:updatable="false" sap:sortable="false" sap:filterable="false"/>
                <Property Name="Paymentterm" Type="Edm.String" Nullable="false" MaxLength="4" sap:unicode="false" sap:label="Pyt Terms" sap:creatable="false" sap:updatable="false" sap:sortable="false" sap:filterable="false"/>
                <Property Name="Timestamp" Type="Edm.String" Nullable="false" MaxLength="14" sap:unicode="false" sap:label="Time Stamp" sap:creatable="false" sap:updatable="false" sap:sortable="false" sap:filterable="false"/>
                <Property Name="Applevel" Type="Edm.String" Nullable="false" MaxLength="2" sap:unicode="false" sap:label="APPROVAL LEVEL" sap:creatable="false" sap:updatable="false" sap:sortable="false" sap:filterable="false"/>
                <Property Name="Apprid" Type="Edm.String" Nullable="false" MaxLength="8" sap:unicode="false" sap:label="Personnel No." sap:creatable="false" sap:updatable="false" sap:sortable="false" sap:filterable="false"/>
                <Property Name="Status" Type="Edm.String" Nullable="false" MaxLength="20" sap:unicode="false" sap:label="status" sap:creatable="false" sap:updatable="false" sap:sortable="false" sap:filterable="false"/>
                <Property Name="Remarks" Type="Edm.String" Nullable="false" MaxLength="50" sap:unicode="false" sap:label="Remarks" sap:creatable="false" sap:updatable="false" sap:sortable="false" sap:filterable="false"/>
            </EntityType>
            <EntityType Name="CreateBP" sap:content-version="1">
                <Key>
                    <PropertyRef Name="Dummy"/>
                </Key>
                <Property Name="Dummy" Type="Edm.Time" Nullable="false" Precision="0" sap:unicode="false" sap:creatable="false" sap:updatable="false" sap:sortable="false" sap:filterable="false"/>
                <NavigationProperty Name="Tobpitems" Relationship="ZBP_CREATION_SRV_02.SO_ASSOCIATION" FromRole="FromRole_SO_ASSOCIATION" ToRole="ToRole_SO_ASSOCIATION"/>
            </EntityType>
            <Association Name="SO_ASSOCIATION" sap:content-version="1">
                <End Type="ZBP_CREATION_SRV_02.CreateBP" Multiplicity="1" Role="FromRole_SO_ASSOCIATION"/>
                <End Type="ZBP_CREATION_SRV_02.ZBUSINESS_PARTNER" Multiplicity="*" Role="ToRole_SO_ASSOCIATION"/>
            </Association>
            <EntityContainer Name="ZBP_CREATION_SRV_02_Entities" m:IsDefaultEntityContainer="true" sap:supported-formats="atom json xlsx">
                <EntitySet Name="ZBUSINESS_PARTNERSet" EntityType="ZBP_CREATION_SRV_02.ZBUSINESS_PARTNER" sap:creatable="false" sap:updatable="false" sap:deletable="false" sap:pageable="false" sap:content-version="1"/>
                <EntitySet Name="CreateBPSet" EntityType="ZBP_CREATION_SRV_02.CreateBP" sap:creatable="false" sap:updatable="false" sap:deletable="false" sap:pageable="false" sap:addressable="false" sap:content-version="1"/>
                <AssociationSet Name="SO_ASSOCIATIONSet" Association="ZBP_CREATION_SRV_02.SO_ASSOCIATION" sap:creatable="false" sap:updatable="false" sap:deletable="false" sap:content-version="1">
                    <End EntitySet="CreateBPSet" Role="FromRole_SO_ASSOCIATION"/>
                    <End EntitySet="ZBUSINESS_PARTNERSet" Role="ToRole_SO_ASSOCIATION"/>
                </AssociationSet>
            </EntityContainer>
            <atom:link rel="self" href="http://172.174.242.213:8003/sap/opu/odata/sap/ZBP_CREATION_SRV_02/$metadata" xmlns:atom="http://www.w3.org/2005/Atom"/>
            <atom:link rel="latest-version" href="http://172.174.242.213:8003/sap/opu/odata/sap/ZBP_CREATION_SRV_02/$metadata" xmlns:atom="http://www.w3.org/2005/Atom"/>
        </Schema>
    </edmx:DataServices>
</edmx:Edmx>